{
    "BERT": {
        "Test Accuracy": 0.9141333103179932,
        "Test Loss": 0.3073408305644989
    }
}